tag-id,animal-id,animal-taxon,deploy-on-date,deploy-off-date,animal-birth-hatch-latitude,animal-birth-hatch-longitude,animal-comments,animal-death-comments,animal-exact-date-of-birth,animal-group-id,animal-latest-date-born,animal-life-stage,animal-mass,animal-mortality-date,animal-mortality-latitude,animal-mortality-longitude,animal-mortality-type,animal-nickname,animal-parents,animal-reproductive-condition,animal-ring-id,animal-sex,animal-siblings,attachment-type,capture-latitude,capture-longitude,deploy-off-latitude,deploy-off-person,deploy-on-latitude,deploy-on-longitude,deploy-on-measurements,deploy-on-person,deploy-on-sampling,deployment-comments,deployment-end-type,deployment-id,manipulation-type,study-site,tag-comments,tag-manufacturer-name,tag-mass,tag-model,tag-production-date,tag-serial-no
61952,Spartacus,Neophron percnopterus,2010-07-28 00:00:00.000,2011-02-20 00:00:00.000,41.64153,25.88136,,shot in Chad by local villagers who claimed that he looked like a devil with the funny thing on his back,2010-05-31 00:00:00.000,wild,,,,,,,,,,,,,,,,,,,,,,Ivaylo Angelov,,Retrieved from Chad by local BirdLife partner after bird was shot,,,,,"This tag was used on 2 animals, after the first was shot and retrieved in Chad",Microwave Telemetry,35.0,PTT 100,2010-05-12,
61952,Macedonia,Neophron percnopterus,2011-07-31 00:00:00.000,2012-01-01 00:00:00.000,41.18333,21.717103,,,2011-05-31 00:00:00.000,wild,,,,,,,,,,,,,,,,,,,,,,Ivaylo Angelov,,,,,,,"This tag was used on 2 animals, after the first was shot and retrieved in Chad",Microwave Telemetry,35.0,PTT 100,2010-05-12,
108050,Lazaros,Neophron percnopterus,2012-06-23 22:00:00.000,2013-04-02 00:00:00.000,,,ad,poisoning,,wild,,,,,,,,,,,K002401,,,,,,,,,,,,,"Tagged after being found poisoned in Meteora, killed by poison one year later",,,,Meteora,,Microwave Telemetry,,,,
118153,Iliaz,Neophron percnopterus,2012-07-26 22:00:00.000,,41.440277,25.568405,juv,No data since November 2021. Probably died in the wintering grounds as it did not return to the breeding territory in spring 2022,,wild,2012-06-29 00:00:00.000,,1847.0,,,,,,,,No,,,,,,,,,,,,,Very late first flight,,,,E Rhodopes,,Microwave Telemetry,,,,
118147,Arda,Neophron percnopterus,2012-07-27 22:00:00.000,2013-06-04 00:00:00.000,41.64153,25.88136,juv,Unknown,,wild,2012-06-16 00:00:00.000,,,,,,,,,,No,,,,,,,,,,,,,died in Sudan,,,,"Madzharovo, E Rhodopes",,Microwave Telemetry,,,,
118152,Svetlina,Neophron percnopterus,2012-07-27 22:00:00.000,2014-09-07 00:00:00.000,41.62086,25.89908,juv,,,wild,2012-06-16 00:00:00.000,,,,,,,,,,No,,,,,,,,,,,,,died in June 2014 in Sudan,,,,"Madzharovo, E Rhodopes",,Microwave Telemetry,,,,
118150,Dobromir,Neophron percnopterus,2012-07-31 22:00:00.000,2016-09-26 00:00:00.000,43.14639,27.64078,juv,,,wild,2012-06-15 00:00:00.000,,,,,,,,,,No,,,,,,,,,,,,,,,,,Razdelna,,Microwave Telemetry,,,,
118148,Volen,Neophron percnopterus,2012-07-31 22:00:00.000,2014-09-30 06:00:00.000,43.18019,27.43579,juv,,,wild,2012-06-15 00:00:00.000,,,,,,,,,,No,,,,,,,,,,,,,,,,,Provadia,,Microwave Telemetry,,,,
118145,Ikaros,Neophron percnopterus,2012-08-02 22:00:00.000,2012-09-15 00:00:00.000,39.802314,21.678794,juv,Natural barrier,,wild,2012-06-11 00:00:00.000,,,,,,,,,,K002421,,,,,,,,,,,,,Dissapeared in the Mediterranean sea,,,,Meteora,,Microwave Telemetry,,,,
118146,Levkipos,Neophron percnopterus,2012-08-06 22:00:00.000,2015-06-21 06:00:00.000,41.14465,26.1324,juv,,,wild,2012-06-13 00:00:00.000,,,,,,,,,,K000466,,,,,,,,,,,,,,,,,Dadia,,Microwave Telemetry,,,,
118149,Odiseas,Neophron percnopterus,2012-09-10 22:00:00.000,2012-10-01 00:00:00.000,41.14465,26.18228,juv,Bad physical condition?,,wild,2012-07-10 00:00:00.000,,,,,,,,,,K000470,,,,,,,,,,,,,equipped after having fallen from nest; found dead near Dadia a few days later,,,,Dadia,,Microwave Telemetry,,,,
130672,Berenice,Neophron percnopterus,2013-07-29 22:00:00.000,2013-09-20 00:00:00.000,39.802314,21.678794,juv,Natural barrier,,wild,2013-06-01 00:00:00.000,,,,,,,,,,K002422,,,,,,,,,,,,,died in the Mediterranean,,,,Meteora,,Microwave Telemetry,,,,
131250,Asparuh,Neophron percnopterus,2013-07-30 22:00:00.000,2013-09-14 00:00:00.000,41.62086,25.89908,juv,Natural barrier,,wild,2013-06-13 00:00:00.000,,,,,,,,,,No,,,,,,,,,,,,,died in Mediterranean Sea,,,,"Madzharovo, Eastern Rhodopes",,Microwave Telemetry,,,,
131249,Sanie,Neophron percnopterus,2013-07-30 22:00:00.000,2016-10-05 00:00:00.000,41.64153,25.88136,juv,,,wild,2013-06-11 00:00:00.000,,,,,,,,,,No,,,,,,,,,,,,,,,,,"Madzharovo, Eastern Rhodopes",,Microwave Telemetry,,,,
131248,Ibrahim,Neophron percnopterus,2013-07-31 22:00:00.000,2013-09-27 00:00:00.000,41.617,25.65069,juv,Unknown,,wild,2013-06-12 00:00:00.000,,,,,,,,,,No,,,,,,,,,,,,,died in Greece on island near Crete,,,,"Studen kladenec, Eastern Rhodopes",,Microwave Telemetry,,,,
130675,Ilin,Neophron percnopterus,2013-08-03 22:00:00.000,2013-10-29 00:00:00.000,41.768439,21.722818,juv,killed by terrain predator,,wild,2013-06-19 00:00:00.000,,,,,,,,,,,,,,,,,,,,,,,killed near the nest,,,,Veles,,,,,,
130674,Ilina,Neophron percnopterus,2013-08-03 22:00:00.000,2013-10-04 00:00:00.000,41.768439,21.722818,juv,Unknown,,wild,2013-06-16 00:00:00.000,,,,,,,,,,,,,,,,,,,,,,,"potential vicitim of Bonnelli's Eagle, killed on migration in Greece",,,,Veles,,,,,,
130676,Heracles,Neophron percnopterus,2013-08-04 22:00:00.000,2013-09-15 00:00:00.000,39.792453,21.55826,juv,Natural barrier,,wild,2013-06-21 00:00:00.000,,,,,,,,,,K002423,,,,,,,,,,,,,died in the Mediterranean sea,,,,Meteora,,Microwave Telemetry,,,,
130671,Katerina,Neophron percnopterus,2013-08-06 22:00:00.000,2014-10-20 00:00:00.000,41.14465,26.18228,juv,,,wild,2013-06-23 00:00:00.000,,,,,,,,,,K000451,,,,,,,,,,,,,Dissapeared in the Mediterranean sea,,,,Dadia,,Microwave Telemetry,,,,
130670,Paschalis,Neophron percnopterus,2013-08-06 22:00:00.000,2014-03-04 00:00:00.000,41.14465,26.18228,juv,,,wild,2013-06-13 00:00:00.000,,,,,,,,,,K000456,,,,,,,,,,,,,killed by Nigerian hunter in southern Niger,,,,Dadia,,Microwave Telemetry,,,,
130673,Red Cliff,Neophron percnopterus,2013-08-12 22:00:00.000,2013-09-23 00:00:00.000,40.108776,20.080818,juv,Natural barrier,,wild,2013-06-27 00:00:00.000,,,,,,,,,,K002424,,,,,,,,,,,,,died in Mediterranean,,,,Maskoulore,,Microwave Telemetry,,,,
135955,Castor,Neophron percnopterus,2014-05-14 09:20:00.000,2016-02-16 06:00:00.000,,,tagged with PTT135955 in 2014 in Greece as adult bird,,,wild,2009-07-25 00:00:00.000,,,,,,,,,,,,,,,,,,40.51067,21.25433,,Victoria Saravia,,,,135955,,,,,,,,
118154,Aoos,Neophron percnopterus,2015-04-17 15:30:00.000,,,,"captured as adult on 17 April 2014 in Greece, yellow colour ring with black inscription H03",,,wild,2009-07-30 00:00:00.000,adult breeder,,,,,,,,,K200782,m,,harness,,,,,40.03183,20.70883,,Victoria Saravia,,,,118154,,Konitsa (Epirus),,,,,,
149505,Boris,Neophron percnopterus,2015-07-21 00:00:00.000,2021-01-14 00:00:00.000,,,"tagged as adult in Studen kladenets, Eastern Rhodopes
on 21 July 2015","Poisoned in January 2021 in Somali region, Ethiopia ",,wild,2009-07-30 00:00:00.000,,2175.0,,,,,,,,,m,,,,,,,,,,Stoyan Nikolov,,"Male bird breeding in the Bulgarian part of Eastern Rhodopes
",,,,,,,,,,
149507,Jenny,Neophron percnopterus,2015-07-30 00:00:00.000,2020-10-19 00:00:00.000,,,"tagged in Studen kladenets, Eastern Rhodopes on 30 July 2015",Found most probably poisoned in October 2020 in Chad,,wild,2009-07-30 00:00:00.000,,1985.0,,,,,,,,,f,,,,,,,,,,Jenny Weston,,"Female bird breeding in the Bulgarian part of Eastern Rhodopes
",,,,,,,,,,
149504,Maria,Neophron percnopterus,2016-08-05 00:00:00.000,2016-10-20 00:00:00.000,41.75681,25.36315,chick of Boris,,,wild,2016-07-01 00:00:00.000,chick,,,,,,,,,K5040,,,harness,,,,,,,,,,"Studen kladenets, Eastern Rhodopes
",,,,,,,,,,
135956,Elodie,Neophron percnopterus,2016-08-10 00:00:00.000,2017-09-20 00:00:00.000,41.641572,25.881438,"CAPTIVE-BRED BIRD
Hatched on 11.6.2016; Female; Captive-bred from Paris Zoo, raised in Praha Zoo; originates from the French Pyrenean population
",,2016-06-11 00:00:00.000,captive,,juvenile,,,,,,,,,K4391,f,,harness,,,,,,,,,,CAPTIVE REARED ANIMAL; SHOT AND EATEN IN NIGER,,,,,,,,,,
149506,Regina,Neophron percnopterus,2016-08-10 00:00:00.000,2016-09-10 00:00:00.000,41.641572,25.881438,"Hatched on 1.6.2016; Female; Captive-bred from Vienna Zoo; originates from Turkish population
",,2016-06-01 00:00:00.000,captive,,juvenile,,,,,,,,,K4392,f,,harness,,,,,,,,,,CAPTIVE-REARED BIRD,,,,,,,,,,
118149,Lomets,Neophron percnopterus,2016-08-10 00:00:00.000,2016-09-16 00:00:00.000,41.641572,25.881438,"Hatched on 6.6.2016; Male; Captive-bred from Vienna Zoo; originates from Turkish population
",,2016-06-06 00:00:00.000,captive,,juvenile,,,,,,,,,K4393,m,,harness,,,,,,,,,,CAPTIVE-REARED BIRD,,,,,,Microwave Telemetry,,,,
171357,Boyana,Neophron percnopterus,2018-05-16 00:00:00.000,2022-09-16 15:00:00.000,41.59421539,25.64131165,Released through delayed release in May 2017 in the Eastern Rhodopes,Shot by poachers in its breeding territory in Bulgaria,2017-06-08 00:00:00.000,captive,,,,,,,,,,,"CZ-164187, yellow - removed",f,,backpack-harness,,,,Nikolay Terziev,,,,Volen Arkumarev,,,,,,,,Ornitela,,OrniTrack-30 3G,,
171356,Polya,Neophron percnopterus,2018-05-16 00:00:00.000,2020-05-08 00:00:00.000,41.59421539,25.64131165,Released through delayed release in May 2017 in the Eastern Rhodopes,Died on 08.05.2020 due to electrocution in Turkey,2017-06-04 00:00:00.000,captive,,,,,,,,,,,"metal - CZ-164185, green removed",f,,backpack-harness,,,,,,,,,,Died due to electrocution in Turkey,,,,,,Ornitela,,OrniTrack-30 3G,,
171360,Panteley,Neophron percnopterus,2018-05-16 00:00:00.000,,41.59421539,25.64131165,Released through delayed release in May 2017 in the Eastern Rhodopes,,2017-05-26 00:00:00.000,captive,,,,,,,,,,,,m,,backpack-harness,,,,,,,,,,,,,,,,Ornitela,,OrniTrack-30 3G,,
171362,Akaga,Neophron percnopterus,2018-05-16 00:00:00.000,,41.59421539,25.64131165,Released through delayed release in May 2017 in the Eastern Rhodopes,,2017-06-16 00:00:00.000,captive,,,,,,,,,,,6-98566,f,,backpack-harness,,,,,,,,,,,,,,,,Ornitela,,OrniTrack-30 3G,,
171345,Blanka,Neophron percnopterus,2018-08-02 00:00:00.000,2018-10-21 00:00:00.000,41.568206,25.68831,Captive bred from Prague Zoo; Hatched on 3.6.2018; Female; Origin: USSR Ñ… Kazakhstan; Release method: fostering / released on 9.8.2018,Died in Ethiopia in October 2018. Probably injured by people or animal,2018-06-03 00:00:00.000,captive,,,,,,,,Blanka,,,,,,backpack-harness,,,,,41.568206,25.68831,,,,,,,,,,Ornitela,30.0,OrniTrack-30 3G,,
171346,Belgin,Neophron percnopterus,2018-08-09 00:00:00.000,,41.568206,25.68831,Wild chick in the fostered nest / control of Blanka,,,wild,2018-06-11 00:00:00.000,,,,,,,,,,,,,,,,,,41.568206,25.68831,,,,,,,,,,Ornitela,30.0,OT-30,November 2017,
171348,Anna,Neophron percnopterus,2018-08-10 00:00:00.000,2018-09-17 00:00:00.000,41.641653,25.881546,Captive bred from Prague Zoo; Hatched on 9.6.2018; Female; Origin: USSR /Kazakhstan x Bulgaria; Release method: hacking / released on 10.8.2018,Recaptured in South Turkey due to exhaustion,2018-06-09 00:00:00.000,captive,,,,,,,,,,,,f,,,,,,,41.641653,25.881546,,Volen Arkumarev,,Captive bred from Prague Zoo; Hatched on 9.6.2017; Female; Origin: USSR /Kazakhstan x Bulgaria; Release method: hacking / released on 10.8.2018,,,,,,Ornitela,30.0,OrniTrack-30 3G,November 2017,171348
171349,Zikmund,Neophron percnopterus,2018-08-10 00:00:00.000,2018-09-12 00:00:00.000,,,Captive bred from Zlin Zoo; Hatched on 1.6.2018; Female; Origin: Uzbekistan x Bulgaria; Release method: hacking / released on 20.8.2018,,2018-06-01 00:00:00.000,,,,,,,,,,,,,f,,,,,,,41.641653,25.881546,,,,Captive bred from Zlin Zoo; Hatched on 1.6.2017; Female; Origin: Uzbekistan x Bulgaria; Release method: hacking / released on 10.8.2018,,,,,,Ornitela,30.0,OrniTrack-30 3G,November 2017,
182258,Chuupa,Neophron percnopterus,2019-01-20 09:00:00.000,,8.9010933,39.90649,captured as last-year's bird in January 2019 in Ethiopia,,2018-07-30 00:00:00.000,wild,,,,,,,,,,,,,,,,,,,,,,Lubomir Peske,,,,Chuupa,,Metehara,,Ornitela,30.0,,,
182251,Fentale,Neophron percnopterus,2019-01-22 09:00:00.000,,8.9010933,39.90649,captured as two-year old in Ethiopia,,2017-07-30 00:00:00.000,wild,,second year,1890.0,,,,,,,,,,,harness,,,,,,,,Lubomir Peske,,caught on rubbish dump in Metehara,,Fentale,,Metehara,,Ornitela,,,,
182266,Qero,Neophron percnopterus,2019-01-22 12:00:00.000,,8.9010933,39.90649,captured as last-years bird in January 2019 in Ethiopia,,2018-07-30 00:00:00.000,wild,,juvenile,1510.0,,,,,,,,,,,harness,,,,,,,,Volen Arkumarev,,,,Qero,,Metehara,,Ornitela,30.0,,,
182263,Lucy,Neophron percnopterus,2019-01-24 08:30:00.000,2021-03-15 21:00:00.000,,,captured as third-year bird in 2019,most probably shot by people in Ethiopia,,wild,2016-07-30 00:00:00.000,third year,1640.0,,,,,,,,,,,,,,,,,,,Volen Arkumarev,,,,Lucy,,Logia,,Ornitela,30.0,,,
182265,Ardi,Neophron percnopterus,2019-01-24 12:30:00.000,2020-02-10 00:00:00.000,,,captured as adult in 2019 in Ethiopia,Died on 10.02.2020 in Saudi Arabia probably due to poisoning,,wild,,adult,2090.0,,,,,,,,,,,,,,,,,,,Volen Arkumarev,,Died in Saudi Arabia probably due to poisoning,,Ardi,,Logia,,Ornitela,30.0,,,
182254,Alimerah,Neophron percnopterus,2019-01-25 07:30:00.000,,11.713746,40.9760387,captured as juvenile in Jan 2019,,,wild,2018-07-30 00:00:00.000,juvenile,1560.0,,,,,,,,,,,,,,,,,,,Volen Arkumarev,,,,,,Logia,,Ornitela,30.0,,,
182252,Ertale,Neophron percnopterus,2019-01-26 08:50:00.000,,,,adult bird caught in 2019,,,wild,,adult,1940.0,,,,,,,,,,,,,,,,,,,Volen Arkumarev,,caught as adult in Logia,,,,Logia,,Ortnitela,30.0,,,
182264,Wesal,Neophron percnopterus,2019-04-15 00:00:00.000,,,,"adult. Held in captivity for 3 years. Confiscated by RSCN from a local market. Released in Dana Reserve, Jordan.",,,wild,,,,,,,,,,,,,,,,,,,,,,,,Released in Dana reserve Jordan,,,,,,Ornitela,30.0,,,
182261,Andi,Neophron percnopterus,2019-05-15 00:00:00.000,2022-08-08 00:00:00.000,41.59421539,25.64131165,Born in Shonbrun Zoo. Delayed released in 2019,Drowned into the sea on the 07th August 2022,2018-06-01 00:00:00.000,captive,,,,,,,,,,,7-00807,m,,backpack-harness,,,,,,,,Volen Arkumarev,,backpack harness,,,,,,Ornitela,,OrniTrack-30 3G,,
182253,Fer,Neophron percnopterus,2019-05-15 00:00:00.000,2019-12-17 17:00:00.000,41.59421539,25.64131165,"Born in Jerez Zoo. Origin: SpainxSpain. Delayed release in 2019
",Died on 17.12.2019 in Turkey due to unknown reason but possibly exhaustion,2018-06-01 00:00:00.000,captive,,,,,,,,,,,7-00804,m,,backpack-harness,,,,,,,,,,,,,,,,Ornitela,30.0,OrniTrack-30 3G,,
182256,Sharka,Neophron percnopterus,2019-05-15 00:00:00.000,2019-05-18 00:00:00.000,41.59421539,25.64131165,Born in Zlin Zoo. Delayed release 2019,Killed by a predator 3 days after the release,2018-06-01 00:00:00.000,captive,,,,,,,,,,,,,,,,,,,,,,,,,,,,,,Ornitela,30.0,OrniTrack-30 3G,,
182267,Nikola-Spasimir,Neophron percnopterus,2019-08-02 00:00:00.000,,41.641572,25.881438,born in captivity in WRBC in Bulgaria. Released by hacking on 23.08.2019 near Madzharovo,,2019-06-11 00:00:00.000,captive,,,,,,,,,,,K5051,f,,harness,,,,,,,,,,,,,,,,Ornitela,30.0,,,
182256,Oriana,Neophron percnopterus,2019-08-02 00:00:00.000,2022-01-06 00:00:00.000,41.623164,25.890662,born in captivity in WRBC in Bulgaria. Released by fostering,Probably died in Chad in January 2022. The cause of death is unknown. The place is remote and could not be visited to investigate,2019-06-07 00:00:00.000,captive,,juvenile,,,,,,,,,K3749,f,,backpack-harness,,,,,,,,,,,,,,,,Ornitela,30.0,OrniTrack-30 3G,,
171349,Hedjet,Neophron percnopterus,2019-08-02 00:00:00.000,,41.6433944702148,25.8719921112061,"wild, tagged as juvenile in the nest. Foster sibling of Oriana. 
The metal ring is half open in August 2023",,,wild,2019-06-04 00:00:00.000,,,,,,,,Adi is its mother,,K3750,,,backpack-harness,,,,,,,,,,,,,,,,Ornitela,30.0,OrniTrack-30 3G,November 2017,
171345,Romana,Neophron percnopterus,2019-08-02 00:00:00.000,2019-08-25 00:00:00.000,41.641572,25.881438,born in captivity in Zlin zoo but raised by foster pair in Prague zoo. Released by hacking on 23.08.2019 near Madzharovo,collision with powerline on 25.08.2019 at 08:00,2019-05-29 00:00:00.000,captive,,,,,,,,,,,K3747,f,,,,,,,,,,,,,,,,,,Ornitela,30.0,OrniTrack-30 3G,,
171345,Lenka,Neophron percnopterus,2019-08-26 00:00:00.000,2019-11-17 00:00:00.000,41.641572,25.881438,born in captivity in Prague zoo. Released by hacking on 23.08.2019,"Died on 17.11.2019 on Crete. The reason of death is not clear but it was not shot, not electrocuted and not starving. Toxicology samples were sent in lab but results not ready as per May 2020",2019-06-12 00:00:00.000,captive,,,,,,,,,,,K3748,f,,,,,,,,,,,,,,,,,,Ornitela,30.0,OrniTrack-30 3G,,
182248,Basaka,Neophron percnopterus,2019-12-08 05:55:00.000,,8.90153,39.91187,trapped as a juvenile in Metehara on 8 Dec 2019,,,wild,2019-07-30 00:00:00.000,juvenile,,,,,,,,,,,,harness,,,8.90153,,,39.91187,,Volen Arkumarev,,captured as juvenile on Metehara rubbish dump; backpack harness used,,,,,,,,,,
182257,Awash,Neophron percnopterus,2019-12-09 10:30:00.000,2020-07-20 16:30:00.000,8.90153,39.91187,captured as juvenile in Metehara on 9 Dec 2019,Died on 20.07.2020 in Saudi Arabia. The reason is unknown but poisoning is suspected,,wild,2019-07-30 00:00:00.000,juvenile,,,,,,,,,,,,harness,,,,,8.90153,39.91187,,Lubomir Peske,,captured as juvenile in Metehara on 9 dec 2019; leg-loop harness ,,,,,,Ornitela,30.0,,,
182249,Alolobad,Neophron percnopterus,2019-12-14 04:20:00.000,2020-12-14 00:00:00.000,11.713746,40.9760387,captured as juvenile or immature on 14 Dec 2019 on Logia rubbish dump,Died on 13.12.2020 in Ethiopia due to poisoning,,wild,2019-07-30 00:00:00.000,juvenile,,,,,,,,,,,,harness,,,,,11.713746,40.9760387,,Lubomir Peske,,leg-loop harness; bird captured on Logia rubbish dump on 14 Dec 2019,,,,,,,,,,
182255,Semera,Neophron percnopterus,2019-12-14 07:50:00.000,,11.713746,40.9760387,captured as juvenile in Logia on 14 Dec 2019,,,wild,2019-07-30 00:00:00.000,juvenile,,,,,,,,,,,,,,,,,11.713746,40.9760387,,Lubomir Peske,,leg-loop harness,,,,,,Ornitela,30.0,,,
182250,Dalol,Neophron percnopterus,2019-12-15 05:00:00.000,2021-06-19 18:05:00.000,11.713746,40.9760387,caught as juvenile on 15 Dec 2019 on Logia rubbish dump; named after desert depression in eastern Ethiopia,died from electrocution in Israel in June 2021,,wild,2019-07-30 00:00:00.000,juvenile,,,,,,,,,,,,,,,,,11.713746,40.9760387,,Lubomir Peske,,leg-loop harness; caught as juvenile on Logia rubbish dump,,,,,,,,,,
182260,Loma,Neophron percnopterus,2019-12-16 03:30:00.000,2020-04-16 23:00:00.000,,,caught as adult on rubbish dump in Logia on 16 Dec 2019,Probably shot by local sheperds in Kurdistan. Transmitter retrieved by Nature Iraq,,wild,2013-07-30 00:00:00.000,adult,,,,,,,,non-breeding,,,,harness,,,,,11.713746,40.9760387,,Lubomir Peske,,leg-loop harness; caught as adult on Logia rubbish dump,,,,,,Ornitela,30.0,,,
182259,Lubo,Neophron percnopterus,2019-12-16 05:00:00.000,,11.713746,40.9760387,captured as juvenile on Logia rubbish dump on 16 Dec 2019,,,wild,2019-07-30 00:00:00.000,juvenile,,,,,,,,,,,,harness,,,,,11.713746,40.9760387,,Lubomir Peske,,leg-loop harness; caught as juvenile on Logia rubbish dump,,,,,,Ornitela,30.0,,,
182262,Milli,Neophron percnopterus,2019-12-16 06:30:00.000,,11.713746,40.9760387,captured as juvenile on 16 Dec 2019 on Logia rubbish dump,,,wild,2019-07-30 00:00:00.000,juvenile,,,,,,,,,,,,harness,,,,,11.713746,40.9760387,,Lubomir Peske,,leg-loop harness; captured as juvenile on Logia Rubbish dump,,,,,,Ornitela,30.0,,,
171345,Sofia,Neophron percnopterus,2020-05-22 00:00:00.000,2020-06-13 00:00:00.000,41.594666,25.642347,born in Sofia Zoo. Origin - BulgarianXTanzanian. Released through delayed release on 23 May 2020,died due to electrocution in Bulgaria on 12.06.2020,,captive,2018-06-05 00:00:00.000,,2000.0,,,,,,,,K4936,f,,harness,,,,,,,,Volen Arkumarev,,leg-loop harness,,,,,,Ornitela,30.0,OrniTrack-30 3G,,
171348,Zara,Neophron percnopterus,2020-05-22 00:00:00.000,2022-06-30 16:00:00.000,41.594383,25.641319,Born in captivity in WRBC Green Balkans. Origin BulgarianxBulgarian. Released through delayed release on 23 May 2020,,2018-05-29 00:00:00.000,captive,,,2180.0,,,,,,,,7-12568,f,,backpack-harness,,,,Volen Arkumarev,,,,Volen Arkumarev,,"removed backpack and attached leg-loop harness
When the transmitter was deployed off no  signs of bruises observed",,,,,,Ornitela,30.0,OrniTrack-30 3G,November 2017,171348
171354,Izi,Neophron percnopterus,2020-05-22 00:00:00.000,2022-06-30 16:00:00.000,41.594383,25.641319,Born in WRBC Green Balkans. Origin: BulgarianxBulgarian. Released through delayed release on 23 May 2020,,2019-05-16 00:00:00.000,captive,,,2135.0,,,,,,,,7-00809,f,,backpack-harness,,,,Vladimir Dobrev,,,,"Dobromi Dobrev, Emil Yordanov",,"removed backpack and attached leg-loop harness
When the tagges was deployed off no bruises were observed from the harness",,,,,,Ornitela,,OrniTrack-30 3G,,
193632,Lucky,Neophron percnopterus,2020-06-24 00:00:00.000,,41.593872,25.644173,Captured and tagged as 2cy at Potochnitsa feeding station in the Eastern Rhodopes Bulgaria,,,wild,2019-06-10 00:00:00.000,,,,,,,,,,,m,,leg-loop-harness,,,,,,,,Volen Arkumarev,,leg-loop harness,,,,,,Ornitela,30.0,OrniTrack-30 3G,,
200636,Deni,Neophron percnopterus,2020-08-03 00:00:00.000,,41.5946617126465,25.6415252685547,Born in captivity in the WRBC. Released by hacking at Potochnitsa feeding station on 03/08/2020,,2020-05-09 00:00:00.000,captive,,,2020.0,,,,,,,,K4374,f,,backpack-harness,,,,,,,,Volen Arkumarev,,Leg-loop harness,,,,,,Ornitela,,OrniTrack-30 3G,,
200637,Solomon,Neophron percnopterus,2020-08-05 00:00:00.000,,41.6354331970215,25.7320194244385,Wild chick tagged in the nest in Eastern Rhodopes,,,wild,2020-06-10 00:00:00.000,,1950.0,,,,,,,,K5041,m,,leg-loop-harness,,,,,,,,Volen Arkumarev,,leg-loop harness,,,,,,Ornitela,,OrniTrack-30 3G,,
200639,Simeon,Neophron percnopterus,2020-08-06 00:00:00.000,,41.4720077514648,25.7026271820068,Born in captivity in WRBC. Released by fostering,,2020-06-12 00:00:00.000,captive,,,1920.0,,,,,,,,K5042,u,,leg-loop-harness,,,,,,,,Vladimir Dobrev,,leg-loop harness,,,,,,Ornitela,,OrniTrack-30 3G,,
200641,Neli,Neophron percnopterus,2020-08-06 00:00:00.000,,41.6169624328613,25.6504573822022,Born in captivity in Prague Zoo. Released by fostering,,2020-06-14 00:00:00.000,captive,,,1900.0,,,,,,,,K5045,u,,,,,,,,,,Anton Stamenov,,Leg-loop harness,,,,,,,,,,
200638,Sava,Neophron percnopterus,2020-08-06 00:00:00.000,,41.471736907959,25.7024421691895,WIld tagged as chick in RROG in Eastern Rhodoeps. Foster sibling of Simeon,,,wild,2020-06-05 00:00:00.000,,1940.0,,,,,,,,K5043,m,,leg-loop-harness,,,,,,,,Vladimir Dobrev,,leg-loop harness,,,,,,Ornitela,,OrniTrack-30 3G,,
200640,Anahita,Neophron percnopterus,2020-08-06 00:00:00.000,2020-09-17 00:00:00.000,41.6169204711914,25.6506328582764,Wild tagged as chick in RCHA in Eastern Rhodopes. Foster sibling of Neli ,Shot in Lebanon on 16.09.2020. Found alive and rehabilitated but will not be released in the wild,,wild,2020-06-05 00:00:00.000,,1950.0,,,,,,,,K5046,u,,,,,,,,,,Anton Stamenov,,leg-loop harness,,,,,,,,,,
211007,Ferdinand,Neophron percnopterus,2021-05-19 00:00:00.000,2023-05-24 07:30:00.000,41.59514,25.641124,"Born in Sofia Zoo. Origin - BulgarianXTanzanian. Released through delayed release on 19 May 2021
In May 2023 captured in Eastern Rhodopes wit luxation of the wing, most probably due to collision with something. Released again on 23/June at Potochnitsa feeding station. The metal ring was changed and placed on left leg",Died from electrocution on 22-04-2024 in the Easthern Rhodopes,,captive,2019-05-31 00:00:00.000,,2040.0,2024-04-22,41.678075,25.538458,electrocution,,,,7-00897/K5064,m,,leg-loop-harness,,,,Volen Arkumarev,,,,Vladimir Dobrev,,leg-loop harness,,,,,,Ornitela,,OrniTrack-30 3G,,
211008,Solera,Neophron percnopterus,2021-05-19 00:00:00.000,2021-06-03 00:00:00.000,41.59514,25.641124,Born in Jerez Zoo. Origin: SpainxSpain. Released through delayed release on 19.05.2021,killed by a marten at night on the 03/06/2021,2019-05-31 00:00:00.000,captive,,,2080.0,,,,,,,,7-00622,f,,,,,,,,,,Volen Arkumarev,,leg-loop harness,,,,,,Ornitela,,OrniTrack-30 3G,,
211006,Poldi,Neophron percnopterus,2021-05-19 00:00:00.000,,41.59514,25.641124,Born in Shonbrun Zoo. Origin: BalkanxBalkan. Released through delayed release on 19.05.2021,,2019-06-01 00:00:00.000,captive,,,1860.0,,,,,,,,7-00660,f,,,,,,,,,,Volen Arkumarev,,leg-loop harness,,,,,,,,,,
211010,Alex,Neophron percnopterus,2021-06-14 14:00:00.000,,,,5cy subad. Trapped in a cage at Potochnitsa feeding station in 2021. ,,,wild,2017-06-10 00:00:00.000,,,,,,,,,,,m,,,,,,,,,,Volen Arkumarev,,leg-loop,,,,,,,,,,
211012,Boynik,Neophron percnopterus,2021-07-30 08:00:00.000,2022-11-10 00:00:00.000,,,trapped and tagged as breeding adult at Potochnitsa feeding station in Bulgaria,"died on 9 Nov 2022 in Chad, suspected poisoning",,wild,,,1710.0,,,,,,,,,m,,,,,,,,,,Volen Arkumarev,,leg-loop harness,,,,,,,,,,
211009,Lola,Neophron percnopterus,2021-08-05 00:00:00.000,,41.586,25.629337310791,tagged as a nestling in the nest,,,wild,2021-06-15 00:00:00.000,,1540.0,,,,,,,,K5047,m,,leg-loop-harness,,,,,,,,Volen Arkumarev,,leg-loop,,,,,,Ornitela,,OrniTrack-30 3G,,
211011,Tatul,Neophron percnopterus,2021-08-20 10:00:00.000,,41.59,25.5,tagged as a nestling in the nest,,,wild,2021-06-20 00:00:00.000,,1920.0,,,,,,,,K5049,m,,leg-loop-harness,,,,,,,,Volen Arkumarev,,leg-loop harness,,,,,,Ornitela,,OrniTrack-30 3G,,
171345,Hermon,Neophron percnopterus,2021-08-28 00:00:00.000,,33.23,35.84,confiscated in Syria. Released by hard release in south Syria in 2021,,,wild,2020-06-10 00:00:00.000,,,,,,,,,,,u,,,,,,,,,,George Daoud,,leg-loop harness,,,,,,Ornitela,30.0,OrniTrack-30 3G,,
171355,Nadezhda,Neophron percnopterus,2022-06-07 00:00:00.000,2022-09-05 07:30:00.000,41.59421539,25.64131165,wild juvenile from Razdelna. Hatched late and raised in WRBC. Not released in 2021 due to feather loss during adaptation. Captured on 05/09/2022 due to limping with one leg. After three days of rehabilitation released again on 08/09/2022 at Potochnitsa. Ring changed to K4378,exhaustion or poisoning,,headstart,2020-06-30 00:00:00.000,,2020.0,,,,,,,,7-00651 / K4378,f,,,,,,,,,,Volen Arkumarev,,leg-loop harness,,,,,,Ornitela,,OrniTrack-30 3G,,
221440,Pia,Neophron percnopterus,2022-06-07 00:00:00.000,,41.59421539,25.64131165,Born in Prague zoo and released through delayed release in 2022,,,captive,2021-06-30 00:00:00.000,,1900.0,,,,,,,,7-09515,f,,leg-loop-harness,,,,,,,,Emil Yordanov,,leg-loop harness,,,,,,Ornitela,,OrniTrack-30 3G,,
211008,Elizabeth,Neophron percnopterus,2022-06-07 00:00:00.000,2024-07-15 08:30:00.000,41.59421539,25.64131165,"Born and raised by its parents in Shonbrun Zoo, Vienna. Released through delayed release in 2022. Dropped off its tag in Bulgaria in July 2024 but was trapped again on the next day and fitted",,2021-06-07 00:00:00.000,captive,,,1920.0,,,,,,,,7-09516/ K4939,f,,leg-loop-harness,,,,,,,,Volen Arkumarev,,leg-loop harness,fall-off,,reintroduction,,,Ornitela,,OrniTrack-30 3G,,
221437,Razdel,Neophron percnopterus,2022-06-07 00:00:00.000,2022-09-04 00:00:00.000,41.59421539,25.64131165,Hatched late in 2021 in Razdelna and was collected from the nest before fledging and raised in the WRBC. Released through delayed release in spring 2022,Died of electrocution in Turkey in September 2022,,captive,2021-07-07 00:00:00.000,,1830.0,,,,,,,,K4375,m,,,,,,Doga Dernegi,,,,Volen Arkumarev,,leg-loop harness,,,,,,,,,,
221438,Siphera,Neophron percnopterus,2022-06-07 00:00:00.000,,41.59421539,25.64131165,Hatched late in 2021 in Razdelna and was collected from the wild nest before fledging and raised in the WRBC. Released through delayed release in spring 2022,,,headstart,2021-07-07 00:00:00.000,,1940.0,,,,,,,,K4376,f,,leg-loop-harness,,,,,,,,Emil Yordanov,,leg-loop harness,,,,,,Ornitela,,OrniTrack-30 3G,,
221439,Geno,Neophron percnopterus,2022-06-07 00:00:00.000,2022-07-05 16:00:00.000,41.59421539,25.64131165,Collected from the wild nest Gyurgena in 2021 due to severe stress bars on the tail feathers. Recovered in the WRBC and released through delayed release in 2022. The tag fell off one month after release but was recaptured and tagged again 3 weeks later,"Died in Oman on 04th January 2023 killed by a predator, most probably Bonelli's eagle or other raptor",,headstart,2021-06-10 00:00:00.000,,1750.0,,,,,,,,K5048,m,,leg-loop-harness,,,,,,,,Emil Yordanov,,leg-loop harness,removal,,,,,Ornitela,,OrniTrack-30 3G,,
193633,Zara,Neophron percnopterus,2022-06-30 16:00:00.000,,41.594383,25.641319,Born in captivity in WRBC Green Balkans. Origin BulgarianxBulgarian. Released through delayed release on 23 May 2020,,2018-05-29 00:00:00.000,captive,,,,,,,,,,,7-12568,f,,leg-loop-harness,,,,,,,,Volen Arkumarev,,leg-loop,,,,,,Ornitela,30.0,OrniTrack-30 3G,,
221441,Izi,Neophron percnopterus,2022-06-30 16:00:00.000,,41.594383,25.641319,Born in WRBC Green Balkans. Origin: BulgarianxBulgarian. Released through delayed release on 23 May 2020,,2019-05-16 00:00:00.000,captive,,,2400.0,,,,,,,,7-00809,f,,leg-loop-harness,,,,,,,,"Vladimir Dobrev, Anton Stamenov",,leg-loop,,,,,,Ornitela,30.0,OrniTrack-30 3G,,
221442,Adi,Neophron percnopterus,2022-06-30 16:00:00.000,,,,"captured and tagges as breeding adult in June 2022 at Potochnitsa FS
Ringed as a nestling in the ER RBIV on 10.07.2008",,,wild,2008-06-01 00:00:00.000,,2000.0,,,,,,,,K4358,f,,,,,,,,,,Volen Arkumarev,,leg-loop,,,,,,,,,,
221439,Geno,Neophron percnopterus,2022-07-27 17:00:00.000,2023-01-05 00:00:00.000,41.59421539,25.64131165,Collected from the wild nest Gyurgena in 2021 due to severe stress bars on the tail feathers. Recovered in the WRBC and released through delayed release in 2022. The tag fell off one month after release but was recaptured and tagged again 3 weeks later,"Died in Oman on 04th January 2023 killed by a predator, most probably Bonelli's eagle or other raptor",,headstart,2021-06-10 00:00:00.000,,1600.0,,,,,,,,K5048,m,,leg-loop-harness,,,,local contributor,,,,Volen Arkumarev,,leg-loop,,,,,,Ornitela,,OrniTrack-30 3G,,
221443,Bella,Neophron percnopterus,2022-07-27 17:00:00.000,2024-03-14 10:00:00.000,,,trapped at Potochnitsa FS on 27/07/2022 as 5cy ,Found under a pylon with a broken wing. Most probably scared at night during roosting and hit the electric wires. Two weeks earlier showed inactivity for three days and poisoning was suspected. Might have collided as a result of the slight poisoning suffered earlier,,wild,2018-06-10 00:00:00.000,,1970.0,2024-03-14,25.667544,39.306473,unknown,,,,K5061,f,,leg-loop-harness,,,,ranger from NCW,,,,Volen Arkumarev,,leg-loop,dead,,,,,,,,,
221444,Sky,Neophron percnopterus,2022-07-27 17:00:00.000,,,,captures at Potochnitsa FS on 27/07/2022 as 5cy,,,wild,2018-06-10 00:00:00.000,,2000.0,,,,,,,,K5062,f,,leg-loop-harness,,,,,,,,Volen Arkumarev,,leg-loop,,,,,,,,,,
221445,Nero,Neophron percnopterus,2022-07-27 17:00:00.000,,,,captured at Potochnitsa FS on 27/07/2022 as 4cy,,,wild,2019-06-10 00:00:00.000,,1620.0,,,,,,,,K5063,m,,leg-loop-harness,,,,,,,,Volen Arkumarev,,leg-loop,,,,,,,,,,
171355,Nadezhda,Neophron percnopterus,2022-09-08 13:00:00.000,2022-10-19 00:00:00.000,41.59421539,25.64131165,wild juvenile from Razdelna. Hatched late and raised in WRBC. Not released in 2021 due to feather loss during adaptation. Captured on 05/09/2022 due to limping with one leg. After three days of rehabilitation released again on 08/09/2022 at Potochnitsa. Ring changed to K4378,exhaustion or poisoning,,headstart,2020-06-30 00:00:00.000,,1870.0,,,,,,,,7-00651 / K4378,f,,,,,,Doga Dernegi,,,,Volen Arkumarev,,leg-loop harness,,,,,,Ornitela,,OrniTrack-30 3G,,
171357,Victoria,Neophron percnopterus,2023-04-27 12:00:00.000,,,,found poisoned in April 2023 in its breeding territory in North Bulgaria. After one week recovery released in its territory,,,wild,,,2050.0,,,,,,,,K5044,f,,leg-loop-harness,,,,,,,,Volen Arkumarev,,,,,,,,Ornitela,,OrniTrack-30 3G,,
171355,Luis,Neophron percnopterus,2023-05-20 00:00:00.000,2023-06-14 10:10:00.000,41.59421539,25.64131165,released through delayed release in Potochnica 2023. Wild bird collected from RCHA in 2022 as hatched lated,,,headstart,2022-06-30 00:00:00.000,,1770.0,,,,,,,,K4377,m,,leg-loop-harness,,,,Tag dropped off,,,,Volen Arkumarev,,,fall-off,,,,,Ornitela,,OrniTrack-30 3G,,
221437,Paulina,Neophron percnopterus,2023-05-20 00:00:00.000,2023-05-30 00:00:00.000,41.594383,25.641319,"released through delayed released in Potochnica 2023. Raised in Shonbrunn Zoo, Austria",Killed by a predator at the roosting cliff at night in end of May 2023,,captive,2022-06-20 00:00:00.000,,2120.0,,,,,,,,7-09593,f,,leg-loop-harness,,,,,,,,Volen Arkumarev,,,,,,,,,,,,
171356,Ferdinand,Neophron percnopterus,2023-06-23 12:00:00.000,2024-04-22 04:00:00.000,41.59514,25.641124,"Born in Sofia Zoo. Origin - BulgarianXTanzanian. Released through delayed release on 19 May 2021
In May 2023 captured in Eastern Rhodopes wit luxation of the wing, most probably due to collision with something. Released again on 23/June at Potochnitsa feeding station. The metal ring was changed and placed on left leg",Died from electrocution on 22-04-2024 in the Easthern Rhodopes,,captive,2019-05-31 00:00:00.000,,2180.0,2024-04-22,41.678075,25.538458,electrocution,,,,7-00897/K5064,m,,leg-loop-harness,,,,Emil Yordanov,,,,Volen Arkumarev,,,dead,,,,,Ornitela,,OrniTrack-30 3G,,
221437,Momchil,Neophron percnopterus,2023-07-10 16:00:00.000,,41.594383,25.641319,captured at Potochnitsa FS in 2023 as 3cy,,,wild,2021-06-30 00:00:00.000,,1810.0,,,,,,,,K5065,m,,leg-loop-harness,,,,,,,,Volen Arkumarev,,leg-loop harness,,,,,,,,,,
221446,Stenli,Neophron percnopterus,2023-07-17 17:00:00.000,,,,captured as adult at Potochnitsa FS in July 2023,,,wild,,,2040.0,,,,,,,,K5038,m,,leg-loop-harness,,,,,,,54 cm,Volen Arkumarev,,leg-loop harness 54 cm,,,,,,,,,,
182250,Yana,Neophron percnopterus,2023-07-17 17:00:00.000,,,,trapped as adult at Potochnitsa FS in July 2023,,,wild,,,1920.0,,,,,,,,K5039,f,,leg-loop-harness,,,,,,,,Vladimir Dobrev,,leg-loop harness,,,,,,,,,,
221447,Sharko,Neophron percnopterus,2023-07-17 17:00:00.000,,41.594383,25.641319,trapped as 3cy at Potochnitsa FS in July 2023,,,wild,2021-06-30 00:00:00.000,,1900.0,,,,,,,,K5071,m,,leg-loop-harness,,,,,,,54 cm harness,Volen Arkumarev,,leg-loop harness 54 cm,,,,,,Ornitela,,OrniTrack-30 3G,,
171355,Luis,Neophron percnopterus,2023-08-23 07:00:00.000,,41.59421539,25.64131165,released through delayed release in Potochnica 2023. Wild bird collected from RCHA in 2022 as hatched lated,,,headstart,2022-06-30 00:00:00.000,,1630.0,,,,,,,,K4377,m,,leg-loop-harness,,,,,,,,Volen Arkumarev,,leg-loop 51 cm,,,,,,Ornitela,,OrniTrack-30 3G,,
182260,Ugarit,Neophron percnopterus,2024-05-31 00:00:00.000,2024-09-15 00:00:00.000,,,Confiscated in Syria in 2024 as 2cy. Released in May 2024 in north Syria,drowned in an agriculture pond in Sinai. Found alive by a farmer but could not be saved,,wild,2023-07-01 00:00:00.000,,,2024-09-15,28.302345,33.678004,other,,,,No,u,,leg-loop-harness,,,,,,,,SSCW,,,,,,,,Ornitela,30.0,,,
243580,Nika,Neophron percnopterus,2024-06-10 07:00:00.000,,,,"captive-born in Prague Zoo. Released through delayed release in Eastern Rhodopes, Bulgaria in 2024",,2023-06-09 00:00:00.000,captive,,,1950.0,,,,,,,,K5072,f,,leg-loop-harness,,,,,,,,Vladimir Dobrev,,"harness lentgh 52.5 cm, foot lentgh 10.9",,,reintroduction,,,,,,,
243578,Electra,Neophron percnopterus,2024-06-10 07:00:00.000,,41.623555,25.646933,Taken from a wild nest RCHA at about 50 days age in 2023 in the Eastern Rhodopes as the smaller of two chicks and raised in WRBC. Released through delayed release at Potochnitsa FS in June 2024,,,headstart,2023-06-25 00:00:00.000,,1900.0,,,,,,Stenli is the father,,K4379,u,,leg-loop-harness,,,,,,,harness lentgh  - 55cm,Volen Arkumarev,,"harness length - 55cm, foot not measured",,,,,,,,,,
243579,Veli,Neophron percnopterus,2024-06-10 07:00:00.000,,41.525743,25.431484,Hathed as a single chick in a wild nest RMOM in 2023 in the Eastern Rhodopes but due to late hatching was collected in September and raised in the WRBC. Released through delayed release in June 2024,,,headstart,2023-07-01 00:00:00.000,,1650.0,,,,,,,,K4380,m,,leg-loop-harness,,,,,,,harness length - 56 cm,Vladimir Dobrev,,"harness length - 56cm, foot length - 9.7 cm",,,,,,,,,,
243577,Kaloyan,Neophron percnopterus,2024-06-10 07:00:00.000,,41.648839,25.512592,Hatched as a single chick in a wild nest RSA in the Eastern Rhodopes. Due to late hatching collected and raised in the WRBC at about 55 days age. Released through delayed release at Potochnitsa FS in June 2024,,,headstart,2023-07-10 00:00:00.000,,1700.0,,,,,,,,K5082,m,,leg-loop-harness,,,,,,,harness length - 54 cm,Volen Arkumarev,,"harness length - 54 cm, foot length - 9.6 cm",,,,,,,,,,
243581,Adela,Neophron percnopterus,2024-06-10 07:00:00.000,,,,Hatched in Ostrava zoo and raised by its parents. Released through delayed release at Potochnitsa FS in June 2024,,2023-08-14 00:00:00.000,captive,,,1970.0,,,,,,,,K5073,f,Sylva,leg-loop-harness,,,,,,,harness length - 56cm,Vladimir Dobrev,,"harness length - 56cm, foot lentgh - 11.2cm",,,,,,,,,,
243582,Sylva,Neophron percnopterus,2024-06-10 07:00:00.000,,,,Hatched in captivity in Ostrava zoo. For some days fed by people by day 10 and then by its parents. Released through delayed release at Potochnitsa FS in June 2024,,2023-08-22 00:00:00.000,captive,,,1830.0,,,,,,,,K5076,f,Adela,leg-loop-harness,,,,,,,harness lentgh - 56cm,Volen Arkumarev,,"harness length - 56cm, foot length - 10.7cm",,,,,,,,,,
182253,Gabor,Neophron percnopterus,2024-07-09 17:00:00.000,,,,wild caught as 2cy bird at Potochnitsa FS on 09/07/2024,,,wild,2023-06-20 00:00:00.000,2cy,1800.0,,,,,,,,K5077,m,,leg-loop-harness,,,,,41.595076,25.64161,,Volen Arkumarev,genetic samples,"foot-9.4cm, harness length-53cm",,,,,,Ornitela,30.0,OrniTrack-30 3G,,
171356,Eva,Neophron percnopterus,2024-07-09 17:00:00.000,,,,wild-caught as 4cy bird at Potochnitsa FS on 09/07/2024,,,wild,2021-06-20 00:00:00.000,,1900.0,,,,,,,,K5074,f,,leg-loop-harness,,,,,41.595076,25.64161,,Volen Arkumarev,genetic samples,"foot-11.1cm, harness length-53cm",,,none,,,Ornitela,,OrniTrack-30 3G,,
193631,Philip,Neophron percnopterus,2024-07-09 17:00:00.000,,,,wild-caught as 3cy bird at Potochnitsa FS on 09/07/2024,,,wild,2022-06-20 00:00:00.000,,1800.0,,,,,,,,K5075,m,,leg-loop-harness,,,,,41.595076,25.64161,,Volen Arkumarev,genetic samples,"foot-10.2cm, harness length-55cm",,,none,,,,,,,
211008,Elizabeth,Neophron percnopterus,2024-07-16 07:00:00.000,,41.59421539,25.64131165,"Born and raised by its parents in Shonbrun Zoo, Vienna. Released through delayed release in 2022. Dropped off its tag in Bulgaria in July 2024 but was trapped again on the next day and fitted",,2021-06-07 00:00:00.000,captive,,,2000.0,,,,,,,,7-09516/ K4939,f,,leg-loop-harness,,,,,,,,Volen Arkumarev,,"harness lentgh-50cm, foot-10",,,reintroduction,,,Ornitela,,OrniTrack-30 3G,,
211007,Lara,Neophron percnopterus,2024-07-16 10:00:00.000,,,,Wild captured at Potochnitsa FS in July 2024 as 5cy bird. Lots of ectoparasites,,,wild,2020-06-20 00:00:00.000,5cy,1950.0,,,,,,,,K4938,f,,leg-loop-harness,41.595131,25.641571,,,41.595131,25.641571,"foot-10.8cm, harness length-58cm",Volen Arkumarev,Genetic samples,"foot-10.8cm, harness length-58cm",,,none,,,Ornitela,,OrniTrack-30 3G,,
221443,Isabela,Neophron percnopterus,2024-08-07 18:00:00.000,2024-09-18 16:00:00.000,41.689483,25.286386,tagges as nestling in August 2024 - RDAJ territory. Older sibling of Lizi,Shot by poachers at the Adrasan Peninsula in Turkey on 18/09/2024,,wild,2024-06-10 00:00:00.000,nestling,2100.0,2024-09-18,36.507745,30.37927,other,,Izi and Lucky,,K4941,u,Lizi,leg-loop-harness,,,,,41.689483,25.286386,"feet - 10.5cm, cauda - 21cm","Volen Arkumarev, Anton Stamenov, Atanas Delchev",genetic samples,"foot 10.5, harness length - 56",,,none,,,,,,,
182261,Lizi,Neophron percnopterus,2024-08-07 18:00:00.000,2024-09-18 00:00:00.000,41.689483,25.286386,tagged as nestling in RDAJ in August 2024. Younger sibling of Isabela,Drowned in the Mediterranean Sea south of Rhodos on 17/09/2024,,wild,2024-06-10 00:00:00.000,nestling,2200.0,2024-09-17,35.421316,28.033785,natural-death,,Izi and Lucky,,K4940,u,Isabela,leg-loop-harness,,,,,41.689483,25.286386,"foot - 10.1cm, cauda - 19cm","Volen Arkumarev, Anton Stamenov, Atanas Delchev",genetic samples,"foot - 10.1cm, harness length - 56cm",,,none,,,Ornitela,,OrniTrack-30 3G,,
221448,Mary,Neophron percnopterus,2024-08-15 08:00:00.000,,,,wild-caught as 5cy bird at Potochnitsa FS on 15/08/2024,,,wild,2020-06-15 00:00:00.000,,2100.0,,,,,,,,K4944,f,,leg-loop-harness,,,,,41.595444,25.64121,foot - 9.9 cm,Volen Arkumarev,Genetic samples,"foot - 9.9cm, harness length - 58",,,none,,,,,,,
243583,Shan,Neophron percnopterus,2024-08-15 08:00:00.000,,,,wild-caught as 5cy bird at Potochnitsa FS on 15/08/2024,,,wild,2020-06-15 00:00:00.000,,1800.0,,,,,,,,K4943,m,,leg-loop-harness,,,,,41.595444,25.64121,foot - 9.1 cm,Vladimir Dobrev,Genetic samples,"foot - 9.1cm, harness length - 52 cm",,,none,,,,,,,
118151,,,,,,,,,,,,,,,,,,,,,,,,,,,,,,,,,,,,,,,,,,,,
171343,,,,,,,,,,,,,,,,,,,,,,,,,,,,,,,,,,,,,,,,,,,,
171344,,,,,,,,,,,,,,,,,,,,,,,,,,,,,,,,,,,,,,,,,,,,
171347,,,,,,,,,,,,,,,,,,,,,,,,,,,,,,,,,,,,,,,,,,,,
171350,,,,,,,,,,,,,,,,,,,,,,,,,,,,,,,,,,,,,,,,,,,,
171351,,,,,,,,,,,,,,,,,,,,,,,,,,,,,,,,,,,,,,,,,,,,
171352,,,,,,,,,,,,,,,,,,,,,,,,,,,,,,,,,,,,,,,,Ornitela,30.0,OT-30,November 2017,171352
171353,,,,,,,,,,,,,,,,,,,,,,,,,,,,,,,,,,,,,,,,,,,,
171358,,,,,,,,,,,,,,,,,,,,,,,,,,,,,,,,,,,,,,,,,,,,
171359,,,,,,,,,,,,,,,,,,,,,,,,,,,,,,,,,,,,,,,,,,,,
171361,,,,,,,,,,,,,,,,,,,,,,,,,,,,,,,,,,,,,,,,,,,,
Loma_-Tag,,,,,,,,,,,,,,,,,,,,,,,,,,,,,,,,,,,,,,,,,,,,
test,,,,,,,,,,,,,,,,,,,,,,,,,,,,,,,,,,,,,,,,,,,,
